link,url,clicks,createdAt
https://dub.sh/old-melodysyncer,https://old-melodysyncer.aryankeluskar.com,2,2025-06-15T01:00:52.373Z
https://dub.sh/foster,https://stellafoster.com,2,2025-06-13T22:11:29.190Z
https://dub.sh/wonder,https://alice.aryankeluskar.com/,0,2025-04-18T18:45:10.920Z
https://dub.sh/healthgc,https://www.myhealthgc.com/,0,2025-04-02T04:19:28.326Z
https://dub.sh/health.ai,https://www.myhealthgc.com/,0,2025-04-02T04:19:14.905Z
https://dub.sh/canvas-mcp,https://aryankeluskar.com,0,2025-03-19T02:27:28.582Z
https://dub.sh/cse340,https://72w6a0migs.ufs.sh/f/VpCDIDL5swAaNsC7LtivezKkadrHYyZOjQ1s5UncPBuDI2oW,1,2025-02-23T21:19:01.094Z
https://dub.sh/pwn.college,https://pbs.twimg.com/media/E9Jn1GGVEAwQG-q.jpg:large,2,2025-01-30T17:50:12.508Z
https://dub.sh/amras,https://ecmo-bridge-theta.vercel.app,16,2025-01-30T00:00:49.718Z
https://dub.sh/aryans-website,https://aryankeluskar.com/,12,2025-01-29T06:00:47.167Z
https://dub.sh/wonderland,https://alice.aryankeluskar.com/,174,2025-01-23T20:42:45.593Z
https://dub.sh/alice.pdf,https://chromewebstore.google.com/detail/pbcobohpehjbogheaejoppcjdpbjnmif?utm_source=item-share-cb,54,2025-01-23T20:41:48.282Z
https://dub.sh/aryann,https://aryankeluskar.com,39,2025-01-11T19:54:06.335Z
https://dub.sh/aryans-resume,https://72w6a0migs.ufs.sh/f/VpCDIDL5swAas4eNLaRWISiP0ud7Yt8kDrUh61ZCRBqxnfEa,342,2025-01-10T08:10:31.886Z
https://dub.sh/aryans-strava,https://www.strava.com/athletes/79631416,45,2025-01-10T05:10:19.866Z
https://dub.sh/aryans-linkedin,https://www.linkedin.com/in/aryankeluskar?utm_source=share&utm_campaign=share_via&utm_content=profile&utm_medium=ios_app,73,2025-01-09T23:42:27.809Z
https://dub.sh/aryans-twitter,https://x.com/soydotrun,60,2025-01-09T23:41:35.382Z
https://dub.sh/aryans-github,https://github.com/aryankeluskar,51,2025-01-09T23:41:05.748Z
https://dub.sh/N7Mcq9m,https://docs.google.com/document/d/1d36a647EafPK9tzsESXK9yiUT7DvJAsg/edit?usp=sharing&ouid=117628814236582059500&rtpof=true&sd=true,4,2024-11-28T07:37:57.573Z
https://dub.sh/cse360,http://utfs.io/f/VpCDIDL5swAa9VDJpNQEWKfuNgXlAvHqm5y2wn41jeTcps83,2,2024-10-24T18:16:18.835Z
https://dub.sh/melodysyncer,https://melodysyncer.aryankeluskar.com/,162,2024-09-03T17:14:15.080Z
https://dub.sh/tiktok2vec,https://tiktok2vec.aryankeluskar.com/,1,2024-08-21T22:04:30.629Z
https://dub.sh/reels2vec,https://reels2vec.aryankeluskar.com/,0,2024-08-21T22:04:17.624Z
https://dub.sh/easywire,https://easywire.aryankeluskar.com/,424,2024-06-26T17:03:37.989Z
https://dub.sh/fresh,https://hi.frsh.com/,0,2024-06-23T02:30:02.064Z
https://dub.sh/kalini,https://kalini.com/,0,2024-06-12T23:33:04.229Z
https://dub.sh/aryan-research,https://aryan.com/research,0,2024-06-12T23:05:11.767Z
https://dub.sh/techynologion,https://www.youtube.com/channel/UCz-EQVc6DcbiIJxaeiVFBvQ,19,2024-06-12T23:03:14.601Z
https://dub.sh/edcomposer,https://edcomposer.aryankeluskar.com/,39,2024-06-12T23:01:59.328Z
https://dub.sh/tradingbot,https://in.tradingview.com,0,2024-06-12T22:59:41.628Z
https://dub.sh/currencybot,"https://www.investopedia.com/terms/a/autoregressive-integrated-moving-average-arima.asp#:~:text=Autoregressive%20integrated%20moving%20average%20(ARIMA)%20models%20predict%20future%20values%20based,to%20forecast%20future%20security%20prices.",0,2024-06-12T22:59:04.562Z
https://dub.sh/minute,https://www.merriam-webster.com/dictionary/minute,0,2024-06-12T22:58:32.731Z
https://dub.sh/aryankeluskar,https://aryankeluskar.com,1,2024-03-16T01:55:50.076Z